CEO Name,Company,Industry
Dr. Alexander Bethke-Jaenicke,Tech Innovations GmbH,Technology
Prof. Maria Rodriguez,Global Dynamics Corp,Consulting
Mr. John Smith Jr.,Smith & Associates,Legal Services
Ms. Sarah Johnson,Johnson Marketing Group,Marketing
Alexander Wang,Wang Enterprises,Manufacturing
Anna Bauer,Bauer Industries,Automotive
Michael Chen,Chen Technologies,Software
Lisa Anderson,Anderson Consulting,Business Services
Patricia Williams,Williams Financial,Finance
Robert Johnson,Johnson Holdings,Investment
Jennifer Davis,Davis Communications,Media
Christopher Miller,Miller Construction,Construction
Elizabeth Wilson,Wilson Healthcare,Healthcare
Daniel Moore,Moore Logistics,Transportation
Michelle Taylor,Taylor Design Studio,Design
Matthew Anderson,Anderson Energy,Energy
Sarah Thomas,Thomas Education Services,Education
David Jackson,Jackson Real Estate,Real Estate
Lisa White,White Hospitality Group,Hospitality
James Harris,Harris Manufacturing,Industrial